Combinacao, N, Tempo
1 1, 1, 1.673067
1 2, 1, 4.689968
1 2, 1, 5.013630
